wid,cat_id,raw_outcome,outcome
w9519f11,SPORTS,tennis,tennis
w9519f11,SPORTS,hockey,UNK
w9519f11,SPORTS,football,football
w9519f11,SPORTS,basketball,basketball
w9519f11,SPORTS,sw,UNK
w9519f11,SUBJECTS,Language,UNK
w9519f11,SUBJECTS,Math,UNK
w9519f11,SUBJECTS,Physics,physics
w9519f11,SUBJECTS,chemist,UNK
w9519f11,EUROCITIES,Paris,paris
w9519f11,EUROCITIES,London,london
w9519f11,EUROCITIES,Prague,UNK
w9519f11,EUROCITIES,Vienna,vienna
w9519f11,EUROCITIES,Amsterdam,amsterdam
w9519f11,TRANSPORT,Ship,UNK
w9519f11,TRANSPORT,Car,car
w9519f11,TRANSPORT,Bike,UNK
w9519f11,TRANSPORT,Plane,plane
w9519f11,TRANSPORT,train ,train
w9519f11,ANIMALS,Lion,lion
w9519f11,ANIMALS,Tiger,tiger
w9519f11,ANIMALS,Wolf,UNK
w9519f11,ANIMALS,Fox,UNK
w9519f11,ANIMALS,S,UNK
weeccfcf,EUROCITIES,copenhagen,UNK
weeccfcf,EUROCITIES,stockholm,UNK
weeccfcf,EUROCITIES,paris,paris
weeccfcf,EUROCITIES,prague,UNK
weeccfcf,TRANSPORT,car,car
weeccfcf,TRANSPORT,truck,UNK
weeccfcf,TRANSPORT,bus,bus
weeccfcf,TRANSPORT,plane,plane
weeccfcf,TRANSPORT,boat,boat
weeccfcf,TRANSPORT,scooter,scooter
weeccfcf,TRANSPORT,roller skate,UNK
weeccfcf,TRANSPORT,bike,UNK
weeccfcf,TRANSPORT,moro,UNK
weeccfcf,ANIMALS,lion,lion
weeccfcf,ANIMALS,tiger,tiger
weeccfcf,ANIMALS,shark,UNK
weeccfcf,ANIMALS,platypus,UNK
weeccfcf,ANIMALS,giraffe,giraffe
weeccfcf,ANIMALS,seal,UNK
weeccfcf,ANIMALS,octopus,UNK
weeccfcf,SUBJECTS,science,UNK
weeccfcf,SUBJECTS,math,UNK
weeccfcf,SUBJECTS,grammar,UNK
weeccfcf,SUBJECTS,psychology,UNK
weeccfcf,SUBJECTS,writing,UNK
weeccfcf,SPORTS,soccer,soccer
weeccfcf,SPORTS,football,football
weeccfcf,SPORTS,baseball,baseball
weeccfcf,SPORTS,skating,UNK
weeccfcf,SPORTS,skiing,UNK
weeccfcf,SPORTS,basketball,basketball
wbbe84c9,TRANSPORT,car,car
wbbe84c9,TRANSPORT,train,train
wbbe84c9,TRANSPORT,auto,UNK
wbbe84c9,TRANSPORT,airplane,UNK
wbbe84c9,TRANSPORT,bicycle,bicycle
wbbe84c9,TRANSPORT,walking,UNK
wbbe84c9,TRANSPORT,driving,UNK
wbbe84c9,SUBJECTS,math,UNK
wbbe84c9,SUBJECTS,english,english
wbbe84c9,SUBJECTS,science,UNK
wbbe84c9,SUBJECTS,biology,biology
wbbe84c9,SUBJECTS,anatomy,UNK
wbbe84c9,SUBJECTS,chemistry,chemistry
wbbe84c9,SUBJECTS,calcu,UNK
wbbe84c9,EUROCITIES,london,london
wbbe84c9,EUROCITIES,newquay,UNK
wbbe84c9,EUROCITIES,prag,UNK
wbbe84c9,SPORTS,baseball,baseball
wbbe84c9,SPORTS,hockey,UNK
wbbe84c9,SPORTS,basketball,basketball
wbbe84c9,SPORTS,football,football
wbbe84c9,SPORTS,golf,golf
wbbe84c9,SPORTS,diving,UNK
wbbe84c9,ANIMALS,monkey,monkey
wbbe84c9,ANIMALS,zebra,zebra
wbbe84c9,ANIMALS,alligator,UNK
wbbe84c9,ANIMALS,lion,lion
wbbe84c9,ANIMALS,tiger,tiger
wbbe84c9,ANIMALS,seal,UNK
wbbe84c9,ANIMALS,chimp,UNK
wa0c5a8d,ANIMALS,tiger ,tiger
wa0c5a8d,ANIMALS,lion,lion
wa0c5a8d,ANIMALS,monkey,monkey
wa0c5a8d,ANIMALS,zebra,zebra
wa0c5a8d,ANIMALS,gorilla,gorilla
wa0c5a8d,ANIMALS,fish,UNK
wa0c5a8d,ANIMALS,dolphin,UNK
wa0c5a8d,ANIMALS,shark,UNK
wa0c5a8d,ANIMALS,gi,UNK
wa0c5a8d,SUBJECTS,math,UNK
wa0c5a8d,SUBJECTS,english,english
wa0c5a8d,SUBJECTS,language arts,UNK
wa0c5a8d,SUBJECTS,science,UNK
wa0c5a8d,SUBJECTS,graphic design,UNK
wa0c5a8d,TRANSPORT,Car,car
wa0c5a8d,TRANSPORT,truck,UNK
wa0c5a8d,TRANSPORT,plane,plane
wa0c5a8d,TRANSPORT,train,train
wa0c5a8d,TRANSPORT,boat,boat
wa0c5a8d,TRANSPORT,spaceship,UNK
wa0c5a8d,EUROCITIES,London,london
wa0c5a8d,EUROCITIES,Paris,paris
wa0c5a8d,EUROCITIES,Stockholm,UNK
wa0c5a8d,EUROCITIES,Warsaw,UNK
wa0c5a8d,SPORTS,Football,football
wa0c5a8d,SPORTS,rugby,rugby
wa0c5a8d,SPORTS,soccer,soccer
wa0c5a8d,SPORTS,basketball,basketball
wa0c5a8d,SPORTS,volleyball,volleyball
wa0c5a8d,SPORTS,water polo,UNK
wa0c5a8d,SPORTS,golf,golf
w57d17ab,ANIMALS,tiger,tiger
w57d17ab,ANIMALS,lion,lion
w57d17ab,ANIMALS,zebra,zebra
w57d17ab,ANIMALS,sea lion,UNK
w57d17ab,ANIMALS,snake,UNK
w57d17ab,ANIMALS,fish,UNK
w57d17ab,ANIMALS,el,UNK
w57d17ab,SPORTS,baseball,baseball
w57d17ab,SPORTS,football,football
w57d17ab,SPORTS,soccer,soccer
w57d17ab,SPORTS,hockey,UNK
w57d17ab,SPORTS,track,UNK
w57d17ab,SPORTS,wrestling,UNK
w57d17ab,TRANSPORT,car,car
w57d17ab,TRANSPORT,bus,bus
w57d17ab,TRANSPORT,bike,UNK
w57d17ab,TRANSPORT,plane,plane
w57d17ab,TRANSPORT,train,train
w57d17ab,TRANSPORT,walking,UNK
w57d17ab,TRANSPORT,scooter,scooter
w57d17ab,TRANSPORT,motorcycle,UNK
w57d17ab,EUROCITIES,amsterdam,amsterdam
w57d17ab,EUROCITIES,berlin,UNK
w57d17ab,EUROCITIES,munich,UNK
w57d17ab,EUROCITIES,paris,paris
w57d17ab,EUROCITIES,nice,UNK
w57d17ab,SUBJECTS,math,UNK
w57d17ab,SUBJECTS,history,history
w57d17ab,SUBJECTS,english,english
w57d17ab,SUBJECTS,gym,UNK
w57d17ab,SUBJECTS,art,UNK
wfcff4bf,SUBJECTS,math,UNK
wfcff4bf,SUBJECTS,history,history
wfcff4bf,SUBJECTS,chemistry,chemistry
wfcff4bf,SUBJECTS,languages,UNK
wfcff4bf,SUBJECTS,english,english
wfcff4bf,ANIMALS, monkey,monkey
wfcff4bf,ANIMALS,lion,lion
wfcff4bf,ANIMALS,zebra,zebra
wfcff4bf,ANIMALS,giraffe,giraffe
wfcff4bf,ANIMALS,hippo,UNK
wfcff4bf,ANIMALS,tiger,tiger
wfcff4bf,SPORTS, football,football
wfcff4bf,SPORTS,soccer,soccer
wfcff4bf,SPORTS,rugby,rugby
wfcff4bf,SPORTS,hockey,UNK
wfcff4bf,SPORTS,tennis,tennis
wfcff4bf,EUROCITIES, madrid,madrid
wfcff4bf,EUROCITIES,barcelona,UNK
wfcff4bf,EUROCITIES,milan,UNK
wfcff4bf,EUROCITIES,france,UNK
wfcff4bf,EUROCITIES,berlin,UNK
wfcff4bf,EUROCITIES,stock,UNK
wfcff4bf,TRANSPORT, car,car
wfcff4bf,TRANSPORT,bike,UNK
wfcff4bf,TRANSPORT,motorcycle,UNK
wfcff4bf,TRANSPORT,bus,bus
wfcff4bf,TRANSPORT,cab,UNK
wfcff4bf,TRANSPORT,uber,UNK
wfcff4bf,TRANSPORT,skateboard,skateboard
w20abc9a,TRANSPORT,car,car
w20abc9a,TRANSPORT,truck,UNK
w20abc9a,TRANSPORT,bus,bus
w20abc9a,TRANSPORT,bicycle,bicycle
w20abc9a,TRANSPORT,SUV,UNK
w20abc9a,TRANSPORT,boat,boat
w20abc9a,TRANSPORT,ferry,UNK
w20abc9a,TRANSPORT,pl,UNK
w20abc9a,ANIMALS,lion,lion
w20abc9a,ANIMALS,tiger,tiger
w20abc9a,ANIMALS,bear,UNK
w20abc9a,ANIMALS,zebra,zebra
w20abc9a,ANIMALS,elephant,elephant
w20abc9a,ANIMALS,giraffe,giraffe
w20abc9a,ANIMALS,beaver,UNK
w20abc9a,ANIMALS,otter,UNK
w20abc9a,SUBJECTS,math,UNK
w20abc9a,SUBJECTS,reading,UNK
w20abc9a,SUBJECTS,physics,physics
w20abc9a,SUBJECTS,biology,biology
w20abc9a,SUBJECTS,chemistry,chemistry
w20abc9a,SUBJECTS,geography,UNK
w20abc9a,SUBJECTS,law,UNK
w20abc9a,SUBJECTS,political science,UNK
w20abc9a,SUBJECTS,history,history
w20abc9a,EUROCITIES,paris,paris
w20abc9a,EUROCITIES,london,london
w20abc9a,EUROCITIES,barcelona,UNK
w20abc9a,EUROCITIES,edinburgh,UNK
w20abc9a,EUROCITIES,rome,rome
w20abc9a,EUROCITIES,venic,venice
w20abc9a,SPORTS,basketball,basketball
w20abc9a,SPORTS,baseball,baseball
w20abc9a,SPORTS,hockey,UNK
w20abc9a,SPORTS,womens basketball,UNK
w20abc9a,SPORTS,track,UNK
wad10e53,SUBJECTS,math,UNK
wad10e53,SUBJECTS,english,english
wad10e53,SUBJECTS,gym,UNK
wad10e53,SUBJECTS,science,UNK
wad10e53,SUBJECTS,history,history
wad10e53,ANIMALS,bear,UNK
wad10e53,ANIMALS,giraffe,giraffe
wad10e53,ANIMALS,lion,lion
wad10e53,ANIMALS,pen,UNK
wad10e53,SPORTS,baseball,baseball
wad10e53,SPORTS,football,football
wad10e53,SPORTS,basketball,basketball
wad10e53,SPORTS,soccer,soccer
wad10e53,TRANSPORT,bus,bus
wad10e53,TRANSPORT,car,car
wad10e53,TRANSPORT,plane,plane
wad10e53,TRANSPORT,train,train
wad10e53,TRANSPORT,boat,boat
wad10e53,TRANSPORT,walki,UNK
wad10e53,EUROCITIES,paris,paris
wad10e53,EUROCITIES,great britain,UNK
w1f40bb2,SPORTS,baseball,baseball
w1f40bb2,SPORTS,football,football
w1f40bb2,SPORTS,soccer,soccer
w1f40bb2,SPORTS,golf,golf
w1f40bb2,SPORTS,boxing,boxing
w1f40bb2,ANIMALS, zebra,zebra
w1f40bb2,ANIMALS,lion,lion
w1f40bb2,ANIMALS,elephant,elephant
w1f40bb2,ANIMALS,otter,UNK
w1f40bb2,ANIMALS,peacock,peacock
w1f40bb2,TRANSPORT,car,car
w1f40bb2,TRANSPORT,bus,bus
w1f40bb2,TRANSPORT,train,train
w1f40bb2,TRANSPORT,boat,boat
w1f40bb2,TRANSPORT,bicycle,bicycle
w1f40bb2,TRANSPORT,feet,UNK
w1f40bb2,TRANSPORT,tricycle,UNK
w1f40bb2,SUBJECTS, math,UNK
w1f40bb2,SUBJECTS,english,english
w1f40bb2,SUBJECTS,science,UNK
w1f40bb2,SUBJECTS,history,history
w1f40bb2,SUBJECTS,reading,UNK
w1f40bb2,EUROCITIES, berlin,UNK
w1f40bb2,EUROCITIES,paris,paris
w1f40bb2,EUROCITIES,madrid,madrid
w1f40bb2,EUROCITIES,rome,rome
w5d3117b,TRANSPORT,car,car
w5d3117b,TRANSPORT,bus,bus
w5d3117b,TRANSPORT,train,train
w5d3117b,TRANSPORT,plane,plane
w5d3117b,TRANSPORT,bike,UNK
w5d3117b,TRANSPORT,motorcycle,UNK
w5d3117b,TRANSPORT,jeep,UNK
w5d3117b,SPORTS,soccer,soccer
w5d3117b,SPORTS,basketbal,basketball
w5d3117b,SPORTS,tennis,tennis
w5d3117b,SPORTS,swimming,UNK
w5d3117b,SPORTS,wr,UNK
w5d3117b,ANIMALS,dolphin,UNK
w5d3117b,ANIMALS,monkey,monkey
w5d3117b,ANIMALS,parrot,UNK
w5d3117b,ANIMALS,tucan,UNK
w5d3117b,EUROCITIES,Paris,paris
w5d3117b,EUROCITIES,London,london
w5d3117b,EUROCITIES,Berlin,UNK
w5d3117b,EUROCITIES,Sweden,UNK
w5d3117b,SUBJECTS,math,UNK
w5d3117b,SUBJECTS,geometry,geometry
w5d3117b,SUBJECTS,science,UNK
w5d3117b,SUBJECTS,social studies,UNK
w5d3117b,SUBJECTS,anthropology,UNK
w5d3117b,SUBJECTS,computer science,UNK
w5d3117b,SUBJECTS,phi,UNK
wbca2ba2,TRANSPORT,bus,bus
wbca2ba2,TRANSPORT,car,car
wbca2ba2,TRANSPORT,bicycle,bicycle
wbca2ba2,TRANSPORT,truck,UNK
wbca2ba2,TRANSPORT,plane,plane
wbca2ba2,TRANSPORT,moped,UNK
wbca2ba2,TRANSPORT,walking,UNK
wbca2ba2,EUROCITIES,berlin,UNK
wbca2ba2,EUROCITIES,rome,rome
wbca2ba2,EUROCITIES,paris,paris
wbca2ba2,EUROCITIES,brussels,UNK
wbca2ba2,EUROCITIES,mun,UNK
wbca2ba2,ANIMALS,lion,lion
wbca2ba2,ANIMALS,tiger,tiger
wbca2ba2,ANIMALS,bear,UNK
wbca2ba2,ANIMALS,wolf,UNK
wbca2ba2,ANIMALS,elephant,elephant
wbca2ba2,SUBJECTS,math,UNK
wbca2ba2,SUBJECTS,science,UNK
wbca2ba2,SUBJECTS,english,english
wbca2ba2,SUBJECTS,history,history
wbca2ba2,SPORTS,basketball,basketball
wbca2ba2,SPORTS,football,football
wbca2ba2,SPORTS,hockey,UNK
wbca2ba2,SPORTS,tennis,tennis
wbca2ba2,SPORTS,soccer,soccer
wbca2ba2,SPORTS,base,UNK
w77e3427,SUBJECTS,Math,UNK
w77e3427,SUBJECTS,english,english
w77e3427,SUBJECTS,reading,UNK
w77e3427,SUBJECTS,science,UNK
w77e3427,SUBJECTS,social studies,UNK
w77e3427,SUBJECTS,forei,UNK
w77e3427,TRANSPORT,car,car
w77e3427,TRANSPORT,bus,bus
w77e3427,TRANSPORT,train,train
w77e3427,TRANSPORT,plane,plane
w77e3427,TRANSPORT,boat,boat
w77e3427,TRANSPORT,bike,UNK
w77e3427,TRANSPORT,motorcycle,UNK
w77e3427,EUROCITIES,london,london
w77e3427,EUROCITIES,paris,paris
w77e3427,EUROCITIES,amsterdam,amsterdam
w77e3427,EUROCITIES,madrid,madrid
w77e3427,EUROCITIES,athens,athens
w77e3427,ANIMALS,lion,lion
w77e3427,ANIMALS,tiger,tiger
w77e3427,ANIMALS,bear,UNK
w77e3427,ANIMALS,lemus,lemur
w77e3427,ANIMALS,jaguar,jaguar
w77e3427,ANIMALS,leopard,UNK
w77e3427,ANIMALS,fossa,UNK
w77e3427,SPORTS,football,football
w77e3427,SPORTS,baseball,baseball
w77e3427,SPORTS,hockey,UNK
w77e3427,SPORTS,soccer,soccer
w77e3427,SPORTS,rugby,rugby
w77e3427,SPORTS,ten,UNK
w09589ea,EUROCITIES,Paris,paris
w09589ea,SUBJECTS,Math,UNK
w09589ea,SUBJECTS,Science,UNK
w09589ea,SUBJECTS,History,history
w09589ea,SUBJECTS,Phisiology,UNK
w09589ea,ANIMALS,Lion,lion
w09589ea,ANIMALS,Tiger,tiger
w09589ea,ANIMALS,Bear,UNK
w09589ea,ANIMALS,Seal,UNK
w09589ea,ANIMALS,Snake,UNK
w09589ea,ANIMALS,Bird,UNK
w09589ea,TRANSPORT,Car,car
w09589ea,TRANSPORT,Truck,UNK
w09589ea,TRANSPORT,Bus,bus
w09589ea,TRANSPORT,Plane,plane
w09589ea,TRANSPORT,Taxi,UNK
w09589ea,TRANSPORT,Motercy,UNK
w09589ea,SPORTS,Football,football
w09589ea,SPORTS,baseball,baseball
w09589ea,SPORTS,hockey,UNK
w8eeaa0b,ANIMALS,panda,panda
w8eeaa0b,ANIMALS,lion,lion
w8eeaa0b,ANIMALS,bear,UNK
w8eeaa0b,ANIMALS,peacock,peacock
w8eeaa0b,ANIMALS,sparrow,UNK
w8eeaa0b,ANIMALS,tiger,tiger
w8eeaa0b,SPORTS,football,football
w8eeaa0b,SPORTS,soccer,soccer
w8eeaa0b,SPORTS,tennis,tennis
w8eeaa0b,SPORTS,cricket,cricket
w8eeaa0b,SPORTS,basdeball,baseball
w8eeaa0b,EUROCITIES,berlin,UNK
w8eeaa0b,EUROCITIES,paris,paris
w8eeaa0b,EUROCITIES,frankfurt,UNK
w8eeaa0b,EUROCITIES,rome\,rome
w8eeaa0b,EUROCITIES,venice,venice
w8eeaa0b,TRANSPORT,bus,bus
w8eeaa0b,TRANSPORT,car,car
w8eeaa0b,TRANSPORT,train,train
w8eeaa0b,TRANSPORT,ship,UNK
w8eeaa0b,TRANSPORT,cycle,UNK
w8eeaa0b,TRANSPORT,plane,plane
w8eeaa0b,TRANSPORT,walk,UNK
w8eeaa0b,SUBJECTS,biology,biology
w8eeaa0b,SUBJECTS,math,UNK
w8eeaa0b,SUBJECTS,physics,physics
w07f0349,EUROCITIES,london,london
w07f0349,EUROCITIES,stocklholm,UNK
w07f0349,EUROCITIES,paris,paris
w07f0349,EUROCITIES,rome,rome
w07f0349,EUROCITIES,sicily,UNK
w07f0349,EUROCITIES,gda,UNK
w07f0349,ANIMALS,giraffe,giraffe
w07f0349,ANIMALS,monkey,monkey
w07f0349,ANIMALS,lion,lion
w07f0349,ANIMALS,elepphant,elephant
w07f0349,SPORTS,basketball,basketball
w07f0349,SPORTS,football,football
w07f0349,SPORTS,soccer,soccer
w07f0349,SPORTS,tennis,tennis
w07f0349,SPORTS,golf,golf
w07f0349,SPORTS,swim,UNK
w07f0349,SPORTS,track,UNK
w07f0349,SPORTS,c,UNK
w07f0349,SUBJECTS,math,UNK
w07f0349,SUBJECTS,english,english
w07f0349,SUBJECTS,science,UNK
w07f0349,SUBJECTS,reading,UNK
w07f0349,SUBJECTS,history,history
w07f0349,SUBJECTS,alg,UNK
w07f0349,TRANSPORT,car,car
w07f0349,TRANSPORT,walk,UNK
w07f0349,TRANSPORT,bike,UNK
w07f0349,TRANSPORT,bus,bus
w07f0349,TRANSPORT,train,train
w07f0349,TRANSPORT,subway,UNK
wf276dd5,SPORTS,mets,UNK
wf276dd5,SPORTS,nets,UNK
wf276dd5,SPORTS,knick,UNK
wf276dd5,SUBJECTS,math,UNK
wf276dd5,SUBJECTS,chem,UNK
wf276dd5,SUBJECTS,english,english
wf276dd5,SUBJECTS,geophysics,UNK
wf276dd5,SUBJECTS,his,UNK
wf276dd5,ANIMALS,cat,UNK
wf276dd5,ANIMALS,tiger,tiger
wf276dd5,ANIMALS,girffe,giraffe
wf276dd5,ANIMALS,monkey,monkey
wf276dd5,TRANSPORT,car,car
wf276dd5,TRANSPORT,bus,bus
wf276dd5,TRANSPORT,train,train
wf276dd5,TRANSPORT,horse,UNK
wf276dd5,TRANSPORT,walking,UNK
wf276dd5,TRANSPORT,bike,UNK
wf276dd5,EUROCITIES,paris,paris
wf276dd5,EUROCITIES,antridam,UNK
wf276dd5,EUROCITIES,rome,rome
w4d363aa,EUROCITIES,paris,paris
w4d363aa,EUROCITIES,rome,rome
w4d363aa,TRANSPORT,car,car
w4d363aa,TRANSPORT,bike,UNK
w4d363aa,TRANSPORT,train,train
w4d363aa,TRANSPORT,walk,UNK
w4d363aa,TRANSPORT,scooter,scooter
w4d363aa,TRANSPORT,motorcycle,UNK
w4d363aa,ANIMALS,zebra,zebra
w4d363aa,ANIMALS,giraffe,giraffe
w4d363aa,ANIMALS,lion,lion
w4d363aa,ANIMALS,penguin,UNK
w4d363aa,SUBJECTS,math,UNK
w4d363aa,SUBJECTS,english,english
w4d363aa,SUBJECTS,science,UNK
w4d363aa,SUBJECTS,history,history
w4d363aa,SUBJECTS,srts,UNK
w4d363aa,SUBJECTS,gym,UNK
w4d363aa,SPORTS,soccor,soccer
w4d363aa,SPORTS,basketball,basketball
w4d363aa,SPORTS,baseball,baseball
w4d363aa,SPORTS,hockey,UNK
w4d363aa,SPORTS,football,football
w4d363aa,SPORTS,track,UNK
w99efbf2,TRANSPORT,car,car
w99efbf2,TRANSPORT,horse,UNK
w99efbf2,TRANSPORT,truck,UNK
w99efbf2,TRANSPORT,feet,UNK
w99efbf2,TRANSPORT,bike,UNK
w99efbf2,TRANSPORT,motocycle,UNK
w99efbf2,TRANSPORT,skates,UNK
w99efbf2,TRANSPORT,skateboard,skateboard
w99efbf2,SUBJECTS,math,UNK
w99efbf2,SUBJECTS,communication,UNK
w99efbf2,SUBJECTS,science,UNK
w99efbf2,SUBJECTS,biology,biology
w99efbf2,SUBJECTS,chemistry,chemistry
w99efbf2,SUBJECTS,physics,physics
w99efbf2,SUBJECTS,tennis,UNK
w99efbf2,EUROCITIES,paris,paris
w99efbf2,EUROCITIES,amserdam,amsterdam
w99efbf2,EUROCITIES,helsinki,UNK
w99efbf2,EUROCITIES,warsaw,UNK
w99efbf2,EUROCITIES,berlin,UNK
w99efbf2,EUROCITIES,cologne,UNK
w99efbf2,ANIMALS,bear,UNK
w99efbf2,ANIMALS,cat,UNK
w99efbf2,ANIMALS,tiger,tiger
w99efbf2,ANIMALS,lion,lion
w99efbf2,ANIMALS,elephant,elephant
w99efbf2,ANIMALS,capppyburra,UNK
w99efbf2,ANIMALS,rat,UNK
w99efbf2,ANIMALS,snake,UNK
w99efbf2,SPORTS,tennis,tennis
w99efbf2,SPORTS,football,football
w99efbf2,SPORTS,sovver,UNK
w99efbf2,SPORTS,track,UNK
w99efbf2,SPORTS,javlein,UNK
w99efbf2,SPORTS,running,UNK
w37a578f,ANIMALS,lion apes monkeys ,UNK
w37a578f,EUROCITIES,paris,paris
w37a578f,SUBJECTS,accountan,UNK
w37a578f,SPORTS,basketball football baseball hockey ,UNK
w37a578f,TRANSPORT,bus car train airplane bike,UNK
w4e1703f,SPORTS,basketball,basketball
w4e1703f,SPORTS,football ,football
w4e1703f,SPORTS,golf,golf
w4e1703f,SPORTS,soccer,soccer
w4e1703f,SPORTS,swimming,UNK
w4e1703f,SPORTS,ho,UNK
w4e1703f,SUBJECTS,math,UNK
w4e1703f,SUBJECTS,english,english
w4e1703f,SUBJECTS,science,UNK
w4e1703f,SUBJECTS,social studies,UNK
w4e1703f,SUBJECTS,algebra,algebra
w4e1703f,EUROCITIES,Paris,paris
w4e1703f,TRANSPORT,car,car
w4e1703f,TRANSPORT,bus,bus
w4e1703f,TRANSPORT,bike,UNK
w4e1703f,TRANSPORT,plane,plane
w4e1703f,TRANSPORT,tr,UNK
w4e1703f,ANIMALS,bear,UNK
w4e1703f,ANIMALS,giaraffe,giraffe
w4e1703f,ANIMALS,bear,UNK
w4e1703f,ANIMALS,zebra,zebra
w4e1703f,ANIMALS,hippo,UNK
w4e1703f,ANIMALS,monkey,monkey
w7f4f2f2,SUBJECTS,math,UNK
w7f4f2f2,SUBJECTS,science,UNK
w7f4f2f2,SUBJECTS,art,UNK
w7f4f2f2,SUBJECTS,physics,physics
w7f4f2f2,SPORTS,Hockey,UNK
w7f4f2f2,SPORTS,Soccer,soccer
w7f4f2f2,SPORTS,Basketball,basketball
w7f4f2f2,SPORTS,Football,football
w7f4f2f2,SPORTS,Tenn,UNK
w7f4f2f2,TRANSPORT,Car,car
w7f4f2f2,TRANSPORT,Train,train
w7f4f2f2,TRANSPORT,Airplane,UNK
w7f4f2f2,TRANSPORT,Bike,UNK
w7f4f2f2,TRANSPORT,Skateboard,skateboard
w7f4f2f2,TRANSPORT,Walking,UNK
w7f4f2f2,TRANSPORT,Running,UNK
w7f4f2f2,TRANSPORT,Sc,UNK
w7f4f2f2,EUROCITIES,Paris,paris
w7f4f2f2,EUROCITIES,London,london
w7f4f2f2,EUROCITIES,Madrid,madrid
w7f4f2f2,ANIMALS,Zebra,zebra
w7f4f2f2,ANIMALS,Lion,lion
w7f4f2f2,ANIMALS,Shark,UNK
w7f4f2f2,ANIMALS,Dolphin,UNK
w7f4f2f2,ANIMALS,Turtle,UNK
w0c6322e,SPORTS,football ,football
w0c6322e,SPORTS,soccer,soccer
w0c6322e,SPORTS,tennis,tennis
w0c6322e,SPORTS,track and field ,UNK
w0c6322e,EUROCITIES,Paris,paris
w0c6322e,EUROCITIES,Berlin ,UNK
w0c6322e,EUROCITIES,London ,london
w0c6322e,EUROCITIES,Amsterdam ,amsterdam
w0c6322e,SUBJECTS,Science,UNK
w0c6322e,SUBJECTS,English,english
w0c6322e,SUBJECTS,Social Studies ,UNK
w0c6322e,ANIMALS,Lion ,lion
w0c6322e,ANIMALS,Tiger ,tiger
w0c6322e,ANIMALS,Zebra,zebra
w0c6322e,ANIMALS,Monkey ,monkey
w0c6322e,ANIMALS,Bear ,UNK
w0c6322e,ANIMALS,Bat ,UNK
w0c6322e,TRANSPORT,Car ,car
w0c6322e,TRANSPORT,Plane,plane
w0c6322e,TRANSPORT,Train ,train
w0c6322e,TRANSPORT,Bike ,UNK
w0c6322e,TRANSPORT,Bus ,bus
w0c6322e,TRANSPORT,Skateboard ,skateboard
we7389c0,ANIMALS,tiger,tiger
we7389c0,ANIMALS,lion,lion
we7389c0,ANIMALS,camel,UNK
we7389c0,ANIMALS,kangaroo,kangaroo
we7389c0,TRANSPORT, car,car
we7389c0,TRANSPORT,walk,UNK
we7389c0,TRANSPORT,bus,bus
we7389c0,TRANSPORT,train,train
we7389c0,TRANSPORT,plane,plane
we7389c0,SUBJECTS, math,UNK
we7389c0,SUBJECTS,reading,UNK
we7389c0,SUBJECTS,science,UNK
we7389c0,SUBJECTS,language,UNK
we7389c0,SPORTS,baseball,baseball
we7389c0,SPORTS,football,football
we7389c0,SPORTS,basketball,basketball
we7389c0,SPORTS,hockey,UNK
we7389c0,SPORTS,soccor,soccer
we7389c0,EUROCITIES,france,UNK
we7389c0,EUROCITIES,london,london
we7389c0,EUROCITIES,pa,UNK
w0923c86,EUROCITIES,Paris,paris
w0923c86,EUROCITIES,London,london
w0923c86,EUROCITIES,Amsterdam,amsterdam
w0923c86,EUROCITIES,berlin,UNK
w0923c86,SUBJECTS,math,UNK
w0923c86,SUBJECTS,science,UNK
w0923c86,SUBJECTS,reading,UNK
w0923c86,SUBJECTS,english,english
w0923c86,SUBJECTS,psychology,UNK
w0923c86,TRANSPORT,car,car
w0923c86,TRANSPORT,train,train
w0923c86,TRANSPORT,plane,plane
w0923c86,TRANSPORT,bike,UNK
w0923c86,TRANSPORT,skateboard,skateboard
w0923c86,SPORTS,basketball,basketball
w0923c86,SPORTS,football,football
w0923c86,SPORTS,soccer,soccer
w0923c86,SPORTS,laccrose,UNK
w0923c86,SPORTS,rugby,rugby
w0923c86,SPORTS,cr,UNK
w0923c86,ANIMALS,lion,lion
w0923c86,ANIMALS,tiger,tiger
w0923c86,ANIMALS,bear,UNK
w0923c86,ANIMALS,snake,UNK
w0923c86,ANIMALS,coyote,UNK
wbd821e1,TRANSPORT,car,car
wbd821e1,TRANSPORT,bus,bus
wbd821e1,TRANSPORT,plane,plane
wbd821e1,TRANSPORT,boat,boat
wbd821e1,TRANSPORT,train,train
wbd821e1,SUBJECTS,art,UNK
wbd821e1,SUBJECTS,philosophy,UNK
wbd821e1,SUBJECTS,psychology,UNK
wbd821e1,SUBJECTS,english,english
wbd821e1,SUBJECTS,math,UNK
wbd821e1,SUBJECTS,science,UNK
wbd821e1,SUBJECTS,history,history
wbd821e1,SUBJECTS,co,UNK
wbd821e1,SPORTS,football,football
wbd821e1,SPORTS,rugby,rugby
wbd821e1,SPORTS,soccer,soccer
wbd821e1,SPORTS,lacrosse,UNK
wbd821e1,SPORTS,tennis,tennis
wbd821e1,SPORTS,swimming,UNK
wbd821e1,SPORTS,gymnastics,UNK
wbd821e1,EUROCITIES,paris,paris
wbd821e1,EUROCITIES,london,london
wbd821e1,EUROCITIES,amsterdam,amsterdam
wbd821e1,ANIMALS,zebra,zebra
wbd821e1,ANIMALS,lion,lion
wbd821e1,ANIMALS,tiger,tiger
wbd821e1,ANIMALS,cheetah,UNK
wbd821e1,ANIMALS,monkey,monkey
wbd821e1,ANIMALS,elephant,elephant
wbd821e1,ANIMALS,giraffe,giraffe
wfab0200,SUBJECTS,Math,UNK
wfab0200,SUBJECTS,Science,UNK
wfab0200,SUBJECTS,Biology,biology
wfab0200,SUBJECTS,Chemistry,chemistry
wfab0200,SUBJECTS,English,english
wfab0200,SPORTS,Football,football
wfab0200,SPORTS,Basketball,basketball
wfab0200,SPORTS,Soccer,soccer
wfab0200,SPORTS,Baseball,baseball
wfab0200,TRANSPORT,Car,car
wfab0200,TRANSPORT,Bus,bus
wfab0200,TRANSPORT,Truck,UNK
wfab0200,TRANSPORT,Plane,plane
wfab0200,TRANSPORT,Boat,boat
wfab0200,TRANSPORT,Bike,UNK
wfab0200,TRANSPORT,Scooter,scooter
wfab0200,ANIMALS,Monkey,monkey
wfab0200,ANIMALS,Ape,UNK
wfab0200,ANIMALS,Cobra,cobra
wfab0200,ANIMALS,Lion,lion
wfab0200,ANIMALS,Jaguar,jaguar
wfab0200,ANIMALS,Hippo,UNK
wfab0200,EUROCITIES,Amsterdam,amsterdam
wfab0200,EUROCITIES,Berlin,UNK
wfab0200,EUROCITIES,London,london
w1e50370,ANIMALS,monkey,monkey
w1e50370,ANIMALS,pig,UNK
w1e50370,ANIMALS,zebra,zebra
w1e50370,EUROCITIES,Paris,paris
w1e50370,EUROCITIES,Amsterdam,amsterdam
w1e50370,EUROCITIES,Edinburgh,UNK
w1e50370,EUROCITIES,Madrid,madrid
w1e50370,EUROCITIES,Berlin,UNK
w1e50370,EUROCITIES,france,UNK
w1e50370,TRANSPORT,car,car
w1e50370,TRANSPORT,plane,plane
w1e50370,TRANSPORT,busbike,UNK
w1e50370,TRANSPORT,jet,UNK
w1e50370,TRANSPORT,van,UNK
w1e50370,TRANSPORT,truck,UNK
w1e50370,SUBJECTS,math,UNK
w1e50370,SUBJECTS,reading,UNK
w1e50370,SUBJECTS,art,UNK
w1e50370,SUBJECTS,music,UNK
w1e50370,SUBJECTS,science,UNK
w1e50370,SUBJECTS,geography ,UNK
w1e50370,SPORTS,football,football
w1e50370,SPORTS,soccer,soccer
w1e50370,SPORTS,wrsestling,UNK
w1e50370,SPORTS,basketvall,basketball
w9909d2d,SUBJECTS,biology,biology
w9909d2d,SUBJECTS,chemistry,chemistry
w9909d2d,SUBJECTS,English,english
w9909d2d,SUBJECTS,neuroscience ,UNK
w9909d2d,EUROCITIES,London ,london
w9909d2d,SPORTS,tennis,tennis
w9909d2d,SPORTS,baseball,baseball
w9909d2d,SPORTS,basketbal ,basketball
w9909d2d,SPORTS,football,football
w9909d2d,SPORTS,soccer,soccer
w9909d2d,SPORTS,volleyball,volleyball
w9909d2d,ANIMALS,zebra,zebra
w9909d2d,ANIMALS,giraffe,giraffe
w9909d2d,ANIMALS,sheep,UNK
w9909d2d,ANIMALS,lion,lion
w9909d2d,ANIMALS,tiger,tiger
w9909d2d,ANIMALS,whale,UNK
w9909d2d,ANIMALS,otter,UNK
w9909d2d,TRANSPORT,car,car
w9909d2d,TRANSPORT,plane,plane
w9909d2d,TRANSPORT,train,train
w9909d2d,TRANSPORT,bike,UNK
w9909d2d,TRANSPORT,walking,UNK
w9909d2d,TRANSPORT,subway,UNK
w9909d2d,TRANSPORT,scooter,scooter
w2bbbc8a,SUBJECTS,math,UNK
w2bbbc8a,SUBJECTS,english,english
w2bbbc8a,SUBJECTS,spanish,spanish
w2bbbc8a,SUBJECTS,s,UNK
w2bbbc8a,TRANSPORT,car,car
w2bbbc8a,TRANSPORT,truck,UNK
w2bbbc8a,TRANSPORT,bus ,bus
w2bbbc8a,TRANSPORT,bike,UNK
w2bbbc8a,EUROCITIES,Berlin,UNK
w2bbbc8a,SPORTS,nba,UNK
w2bbbc8a,SPORTS,baseball,baseball
w2bbbc8a,SPORTS,nfl,UNK
w2bbbc8a,SPORTS,ufc,UNK
w2bbbc8a,ANIMALS,monkey,monkey
w2bbbc8a,ANIMALS,lion,lion
w2bbbc8a,ANIMALS,e,UNK
wc3d8c1b,TRANSPORT,car,car
wc3d8c1b,TRANSPORT,bus,bus
wc3d8c1b,TRANSPORT,train,train
wc3d8c1b,TRANSPORT,bike,UNK
wc3d8c1b,TRANSPORT,horse,UNK
wc3d8c1b,TRANSPORT,camel,UNK
wc3d8c1b,TRANSPORT,truck,UNK
wc3d8c1b,SPORTS,baseball,baseball
wc3d8c1b,SPORTS,football,football
wc3d8c1b,SPORTS,soccer,soccer
wc3d8c1b,SPORTS,tennis,tennis
wc3d8c1b,SPORTS,basketball,basketball
wc3d8c1b,SPORTS,golf,golf
wc3d8c1b,SUBJECTS,biology,biology
wc3d8c1b,SUBJECTS,chemistry,chemistry
wc3d8c1b,SUBJECTS,english,english
wc3d8c1b,SUBJECTS,physics,physics
wc3d8c1b,SUBJECTS,math,UNK
wc3d8c1b,SUBJECTS,sociology,UNK
wc3d8c1b,SUBJECTS,history,history
wc3d8c1b,SUBJECTS,a,UNK
wc3d8c1b,EUROCITIES,paris,paris
wc3d8c1b,EUROCITIES,lisbon,UNK
wc3d8c1b,EUROCITIES,munich,UNK
wc3d8c1b,EUROCITIES,berlin,UNK
wc3d8c1b,EUROCITIES,london,london
wc3d8c1b,EUROCITIES,manchester,UNK
wc3d8c1b,EUROCITIES,enidburough,UNK
wc3d8c1b,ANIMALS,zebra,zebra
wc3d8c1b,ANIMALS,lion,lion
wc3d8c1b,ANIMALS,camel,UNK
wc3d8c1b,ANIMALS,money,UNK
wc3d8c1b,ANIMALS,ape,UNK
wc3d8c1b,ANIMALS,snake,UNK
wc3d8c1b,ANIMALS,bird,UNK
wc3d8c1b,ANIMALS,eagle,UNK
wc3d8c1b,ANIMALS,emu,UNK
wf6615db,EUROCITIES,Amsterdam,amsterdam
wf6615db,EUROCITIES,Paris,paris
wf6615db,EUROCITIES,Stockholm,UNK
wf6615db,SUBJECTS,Math,UNK
wf6615db,SUBJECTS,Calculus,calculus
wf6615db,SUBJECTS,Geometry,geometry
wf6615db,SUBJECTS,Spelling,UNK
wf6615db,SUBJECTS,E,UNK
wf6615db,TRANSPORT,Car,car
wf6615db,TRANSPORT,Bus,bus
wf6615db,TRANSPORT,Train,train
wf6615db,TRANSPORT,Scooter,scooter
wf6615db,TRANSPORT,Motorcycle,UNK
wf6615db,TRANSPORT,Bi,UNK
wf6615db,ANIMALS,Lion,lion
wf6615db,ANIMALS,Tiger,tiger
wf6615db,ANIMALS,Bear,UNK
wf6615db,ANIMALS,Cougar,UNK
wf6615db,ANIMALS,Panda,panda
wf6615db,ANIMALS,Grizzly,UNK
wf6615db,ANIMALS,Hipp,UNK
wf6615db,SPORTS,Boxing,boxing
wf6615db,SPORTS,Bowling,bowling
wf6615db,SPORTS,Soccer,soccer
wf6615db,SPORTS,Football,football
wf6615db,SPORTS,Basketball,basketball
wf6615db,SPORTS,Baseball,baseball
wf6615db,SPORTS,Hoc,UNK
w6eb4b72,TRANSPORT,car,car
w6eb4b72,TRANSPORT,bike,UNK
w6eb4b72,TRANSPORT,train,train
w6eb4b72,TRANSPORT,bus,bus
w6eb4b72,TRANSPORT,airplane,UNK
w6eb4b72,TRANSPORT,boat,boat
w6eb4b72,SPORTS,basketball,basketball
w6eb4b72,SPORTS,soccer,soccer
w6eb4b72,SPORTS,football,football
w6eb4b72,SPORTS,hockey,UNK
w6eb4b72,SPORTS,tennis,tennis
w6eb4b72,SPORTS,baseball,baseball
w6eb4b72,SUBJECTS,mathematics,UNK
w6eb4b72,SUBJECTS,english,english
w6eb4b72,SUBJECTS,social studies,UNK
w6eb4b72,SUBJECTS,science,UNK
w6eb4b72,SUBJECTS,health,UNK
w6eb4b72,SUBJECTS,art,UNK
w6eb4b72,SUBJECTS,music,UNK
w6eb4b72,SUBJECTS,health,UNK
w6eb4b72,SUBJECTS,physic,UNK
w6eb4b72,EUROCITIES,london,london
w6eb4b72,EUROCITIES,paris,paris
w6eb4b72,EUROCITIES,amsterdam,amsterdam
w6eb4b72,EUROCITIES,birmingham,UNK
w6eb4b72,EUROCITIES,mard,UNK
w6eb4b72,ANIMALS,giraffe,giraffe
w6eb4b72,ANIMALS,gorilla,gorilla
w6eb4b72,ANIMALS,lion,lion
w6eb4b72,ANIMALS,tiger,tiger
w6eb4b72,ANIMALS,zebra,zebra
w6eb4b72,ANIMALS,ele,UNK
wa83374e,EUROCITIES,amsterdam,amsterdam
wa83374e,EUROCITIES,paris,paris
wa83374e,EUROCITIES,london,london
wa83374e,SPORTS,rugby,rugby
wa83374e,SPORTS,football,football
wa83374e,SPORTS,volleyball,volleyball
wa83374e,SPORTS,soccer,soccer
wa83374e,SPORTS,archery,UNK
wa83374e,SPORTS,swimming,UNK
wa83374e,ANIMALS,pig,UNK
wa83374e,ANIMALS,giraffe,giraffe
wa83374e,ANIMALS,lion,lion
wa83374e,ANIMALS,penguins,UNK
wa83374e,ANIMALS,sea walrus,UNK
wa83374e,ANIMALS,dolphin,UNK
wa83374e,SUBJECTS,english,english
wa83374e,SUBJECTS,math,UNK
wa83374e,SUBJECTS,geometry,geometry
wa83374e,SUBJECTS,social stduies,UNK
wa83374e,SUBJECTS,history,history
wa83374e,SUBJECTS,science,UNK
wa83374e,SUBJECTS,biology,biology
wa83374e,SUBJECTS,chemistry,chemistry
wa83374e,TRANSPORT,car,car
wa83374e,TRANSPORT,bus,bus
wa83374e,TRANSPORT,train,train
wa83374e,TRANSPORT,bike,UNK
wa83374e,TRANSPORT,tram,UNK
wa83374e,TRANSPORT,trolley,UNK
wa83374e,TRANSPORT,airplane,UNK
wcfbe69a,SUBJECTS,geology,UNK
wcfbe69a,SUBJECTS,anthro[oplogy,UNK
wcfbe69a,SUBJECTS,psycjology,UNK
wcfbe69a,EUROCITIES,madrid,madrid
wcfbe69a,EUROCITIES,paris,paris
wcfbe69a,EUROCITIES,mannheim,UNK
wcfbe69a,EUROCITIES,amster,UNK
wcfbe69a,ANIMALS,zebra,zebra
wcfbe69a,ANIMALS,water buffalo,UNK
wcfbe69a,ANIMALS,lion,lion
wcfbe69a,ANIMALS,hyena,UNK
wcfbe69a,TRANSPORT,car ,car
wcfbe69a,TRANSPORT,truc,UNK
wcfbe69a,TRANSPORT, bus,bus
wcfbe69a,TRANSPORT, train,train
wcfbe69a,TRANSPORT,plabe,plane
wcfbe69a,TRANSPORT,scooter,scooter
wcfbe69a,SPORTS,football ,football
wcfbe69a,SPORTS,basketball,basketball
wcfbe69a,SPORTS,baseball,baseball
wcfbe69a,SPORTS,cricket,cricket
w5000995,SPORTS,baseball,baseball
w5000995,SPORTS,soccer,soccer
w5000995,SPORTS,hockey,UNK
w5000995,SPORTS,golf,golf
w5000995,SPORTS,basketball,basketball
w5000995,SPORTS,gymnastics,UNK
w5000995,EUROCITIES,paris,paris
w5000995,EUROCITIES,lisbon,UNK
w5000995,EUROCITIES,barcelona,UNK
w5000995,EUROCITIES,munich,UNK
w5000995,EUROCITIES,berlin,UNK
w5000995,EUROCITIES,london,london
w5000995,TRANSPORT,car,car
w5000995,TRANSPORT,walk,UNK
w5000995,TRANSPORT,bike,UNK
w5000995,TRANSPORT,train,train
w5000995,TRANSPORT,plane,plane
w5000995,TRANSPORT,bus,bus
w5000995,TRANSPORT,hoverboard,UNK
w5000995,ANIMALS,lion,lion
w5000995,ANIMALS,elephant,elephant
w5000995,ANIMALS,zebra,zebra
w5000995,ANIMALS,alligator,UNK
w5000995,ANIMALS,donkey,UNK
w5000995,ANIMALS,pig,UNK
w5000995,ANIMALS,hippo,UNK
w5000995,ANIMALS,gira,UNK
w5000995,SUBJECTS,science,UNK
w5000995,SUBJECTS,math,UNK
w5000995,SUBJECTS,history,history
w5000995,SUBJECTS,scoial studies,UNK
w5000995,SUBJECTS,philosphoy,UNK
w5000995,SUBJECTS,neuroscience,UNK
w5000995,SUBJECTS,chemistry,chemistry
wee82eb0,ANIMALS,Tigers,UNK
wee82eb0,ANIMALS,Lions,UNK
wee82eb0,ANIMALS,Elephants,UNK
wee82eb0,ANIMALS,Giraffes,UNK
wee82eb0,ANIMALS,Hippos,UNK
wee82eb0,ANIMALS,Monkeys,UNK
wee82eb0,EUROCITIES,Paris,paris
wee82eb0,EUROCITIES,Krakow,UNK
wee82eb0,EUROCITIES,London,london
wee82eb0,EUROCITIES,Frankfur,UNK
wee82eb0,SPORTS,Basketball,basketball
wee82eb0,SPORTS,Baseball,baseball
wee82eb0,SPORTS,Hockey,UNK
wee82eb0,SPORTS,Football,football
wee82eb0,SUBJECTS,Math,UNK
wee82eb0,SUBJECTS,Literature,UNK
wee82eb0,SUBJECTS,Chemistry,chemistry
wee82eb0,SUBJECTS,Social Sciences,UNK
wee82eb0,TRANSPORT,Trains,UNK
wee82eb0,TRANSPORT,Autos,UNK
wee82eb0,TRANSPORT,Buses,UNK
wee82eb0,TRANSPORT,Bikes,UNK
wee82eb0,TRANSPORT,Motorcycles,UNK
wcc8d711,SUBJECTS,english,english
wcc8d711,SUBJECTS,spanish,spanish
wcc8d711,SUBJECTS,math,UNK
wcc8d711,SUBJECTS,calculus,calculus
wcc8d711,SUBJECTS,bio,UNK
wcc8d711,ANIMALS,zebra,zebra
wcc8d711,ANIMALS,tiger,tiger
wcc8d711,ANIMALS,monkey,monkey
wcc8d711,ANIMALS,gorilla,gorilla
wcc8d711,ANIMALS,turtlr,UNK
wcc8d711,ANIMALS,ostruc,UNK
wcc8d711,EUROCITIES,liverpool,UNK
wcc8d711,EUROCITIES,england,UNK
wcc8d711,EUROCITIES,venice,venice
wcc8d711,SPORTS,baseball,baseball
wcc8d711,SPORTS,football,football
wcc8d711,SPORTS,spccer,soccer
wcc8d711,SPORTS,basketball,basketball
wcc8d711,SPORTS,mma,UNK
wcc8d711,SPORTS,ufc,UNK
wcc8d711,SPORTS,wmo,UNK
wcc8d711,TRANSPORT,bus,bus
wcc8d711,TRANSPORT,car,car
wcc8d711,TRANSPORT,truck,UNK
wcc8d711,TRANSPORT,bmotorcycle,UNK
wcc8d711,TRANSPORT,scooter,scooter
waef543d,SUBJECTS,math ,UNK
waef543d,SUBJECTS,science,UNK
waef543d,SUBJECTS,physics,physics
waef543d,TRANSPORT,bus,bus
waef543d,TRANSPORT,car,car
waef543d,TRANSPORT,walking,UNK
waef543d,TRANSPORT,bike,UNK
waef543d,SPORTS,baseball,baseball
waef543d,SPORTS,football,football
waef543d,SPORTS,soccer,soccer
waef543d,SPORTS,bas,UNK
waef543d,ANIMALS,tiger,tiger
waef543d,ANIMALS,kangaroo,kangaroo
waef543d,ANIMALS,bear,UNK
waef543d,ANIMALS,r,UNK
waef543d,EUROCITIES,paris,paris
waef543d,EUROCITIES,madrid,madrid
waef543d,EUROCITIES,londom,london
wfc6816b,EUROCITIES,Rome,rome
wfc6816b,EUROCITIES,Paris,paris
wfc6816b,EUROCITIES,Berlin,UNK
wfc6816b,EUROCITIES,Eng,UNK
wfc6816b,SUBJECTS,Geography,UNK
wfc6816b,SUBJECTS,English,english
wfc6816b,SUBJECTS,Chemistry ,chemistry
wfc6816b,SPORTS,Baseball,baseball
wfc6816b,SPORTS,basketball,basketball
wfc6816b,SPORTS,football,football
wfc6816b,SPORTS,tennis,tennis
wfc6816b,TRANSPORT,car,car
wfc6816b,TRANSPORT,truck,UNK
wfc6816b,TRANSPORT,bike,UNK
wfc6816b,TRANSPORT,bus,bus
wfc6816b,TRANSPORT,airplane,UNK
wfc6816b,TRANSPORT,scooter,scooter
wfc6816b,ANIMALS,lion,lion
wfc6816b,ANIMALS,tiger,tiger
wfc6816b,ANIMALS,bear,UNK
wfc6816b,ANIMALS,bird,UNK
wfc6816b,ANIMALS,snake,UNK
wfc6816b,ANIMALS,cheetah,UNK
w319a0e1,ANIMALS,tigers,UNK
w319a0e1,ANIMALS,koalas,UNK
w319a0e1,ANIMALS,lions,UNK
w319a0e1,ANIMALS,bears,UNK
w319a0e1,ANIMALS,birds,UNK
w319a0e1,SPORTS,basketball,basketball
w319a0e1,SPORTS,baseball,baseball
w319a0e1,SPORTS,soccer,soccer
w319a0e1,SPORTS,football,football
w319a0e1,SPORTS,rugby,rugby
w319a0e1,SPORTS,hockey,UNK
w319a0e1,SPORTS,ten,UNK
w319a0e1,EUROCITIES,Paris,paris
w319a0e1,EUROCITIES,Amsterdam,amsterdam
w319a0e1,EUROCITIES,Prague,UNK
w319a0e1,EUROCITIES,Nice,UNK
w319a0e1,EUROCITIES,Berlin,UNK
w319a0e1,SUBJECTS,Math,UNK
w319a0e1,SUBJECTS,Biology,biology
w319a0e1,SUBJECTS,Physics,physics
w319a0e1,SUBJECTS,English,english
w319a0e1,SUBJECTS,Spanish,spanish
w319a0e1,SUBJECTS,History,history
w319a0e1,TRANSPORT,Car,car
w319a0e1,TRANSPORT,Bike,UNK
w319a0e1,TRANSPORT,Motorcycle,UNK
w319a0e1,TRANSPORT,scootere,scooter
w319a0e1,TRANSPORT,planee,plane
w50039bb,ANIMALS,Zebra,zebra
w50039bb,ANIMALS,Giraffe,giraffe
w50039bb,ANIMALS,Elephant,elephant
w50039bb,ANIMALS,Lion,lion
w50039bb,SUBJECTS,Math,UNK
w50039bb,SUBJECTS,English,english
w50039bb,SUBJECTS,Science,UNK
w50039bb,SUBJECTS,Social Studies,UNK
w50039bb,SUBJECTS,PE,UNK
w50039bb,SUBJECTS,Musi,UNK
w50039bb,TRANSPORT,Bus,bus
w50039bb,TRANSPORT,Car,car
w50039bb,TRANSPORT,Taxi,UNK
w50039bb,TRANSPORT,Uber,UNK
w50039bb,TRANSPORT,Lyft,UNK
w50039bb,TRANSPORT,Plane,plane
w50039bb,TRANSPORT,Helipcoppter,helicopter
w50039bb,SPORTS,Soccer,soccer
w50039bb,SPORTS,Basketball,basketball
w50039bb,SPORTS,Tennis,tennis
w50039bb,SPORTS,Swimming,UNK
w50039bb,SPORTS,Racketba;l,UNK
w50039bb,EUROCITIES,Paris,paris
w50039bb,EUROCITIES,London,london
w50039bb,EUROCITIES,Amsterdam,amsterdam
w50039bb,EUROCITIES,Madrid,madrid
wc51e67b,TRANSPORT,bus,bus
wc51e67b,TRANSPORT,train,train
wc51e67b,TRANSPORT,car,car
wc51e67b,TRANSPORT,bike,UNK
wc51e67b,TRANSPORT,scooter,scooter
wc51e67b,TRANSPORT,on foot,UNK
wc51e67b,TRANSPORT,plane,plane
wc51e67b,TRANSPORT,boat,boat
wc51e67b,TRANSPORT,kayak,UNK
wc51e67b,EUROCITIES,paris,paris
wc51e67b,EUROCITIES,rome,rome
wc51e67b,EUROCITIES,london,london
wc51e67b,EUROCITIES,berlin,UNK
wc51e67b,ANIMALS,lion,lion
wc51e67b,ANIMALS,tiger,tiger
wc51e67b,ANIMALS,bear,UNK
wc51e67b,ANIMALS,polar bear,UNK
wc51e67b,ANIMALS,panda,panda
wc51e67b,ANIMALS,giraffe,giraffe
wc51e67b,SUBJECTS,english,english
wc51e67b,SUBJECTS,math,UNK
wc51e67b,SUBJECTS,science,UNK
wc51e67b,SUBJECTS,chemistry,chemistry
wc51e67b,SUBJECTS,calculus,calculus
wc51e67b,SUBJECTS,gym,UNK
wc51e67b,SPORTS,soccer,soccer
wc51e67b,SPORTS,baseball,baseball
wc51e67b,SPORTS,basketball,basketball
wc51e67b,SPORTS,football,football
wbc2e3bc,SPORTS,Soccer,soccer
wbc2e3bc,SPORTS,footbal,UNK
wbc2e3bc,SPORTS,baseball,baseball
wbc2e3bc,SPORTS,tennis,tennis
wbc2e3bc,SPORTS,golf,golf
wbc2e3bc,SPORTS,basketball,basketball
wbc2e3bc,TRANSPORT,cars,UNK
wbc2e3bc,TRANSPORT,trains,UNK
wbc2e3bc,TRANSPORT,planes,UNK
wbc2e3bc,TRANSPORT,bikes,UNK
wbc2e3bc,TRANSPORT,motorcycles,UNK
wbc2e3bc,EUROCITIES,Paris,paris
wbc2e3bc,EUROCITIES,London,london
wbc2e3bc,EUROCITIES,Reykjavik,UNK
wbc2e3bc,EUROCITIES,Sicily,UNK
wbc2e3bc,ANIMALS,Lions,UNK
wbc2e3bc,ANIMALS,Tigers,UNK
wbc2e3bc,ANIMALS,Bears,UNK
wbc2e3bc,ANIMALS,Zebras,UNK
wbc2e3bc,ANIMALS,Monkeys,UNK
wbc2e3bc,ANIMALS,Elephants,UNK
wbc2e3bc,SUBJECTS,math,UNK
wbc2e3bc,SUBJECTS,english,english
wbc2e3bc,SUBJECTS,science,UNK
w5332db0,ANIMALS,horse,UNK
w5332db0,ANIMALS,giraffe,giraffe
w5332db0,ANIMALS,elephant,elephant
w5332db0,TRANSPORT,car,car
w5332db0,TRANSPORT,truck,UNK
w5332db0,TRANSPORT,taxi,UNK
w5332db0,TRANSPORT,bus,bus
w5332db0,EUROCITIES,paris,paris
w5332db0,EUROCITIES,rome,rome
w5332db0,EUROCITIES,engl,UNK
w5332db0,SUBJECTS,math,UNK
w5332db0,SUBJECTS,english,english
w5332db0,SUBJECTS,history,history
w5332db0,SUBJECTS,algebra,algebra
w5332db0,SPORTS,soccer,soccer
w5332db0,SPORTS,baseball,baseball
w5332db0,SPORTS,football,football
w5332db0,SPORTS,basketball,basketball
wcf11388,SUBJECTS,"math'science histroy biology chemistry,",UNK
wcf11388,SPORTS,football,football
wcf11388,SPORTS,baseball,baseball
wcf11388,SPORTS,tennis,tennis
wcf11388,SPORTS,soccar,soccer
wcf11388,SPORTS,basketbal,basketball
wcf11388,EUROCITIES,paris,paris
wcf11388,EUROCITIES,london,london
wcf11388,EUROCITIES,amsterdam,amsterdam
wcf11388,EUROCITIES,dublin,UNK
wcf11388,ANIMALS,zebra,zebra
wcf11388,ANIMALS,elephant,elephant
wcf11388,ANIMALS,giraff,giraffe
wcf11388,ANIMALS,chimp,UNK
wcf11388,ANIMALS,whal,UNK
wcf11388,TRANSPORT,train,train
wcf11388,TRANSPORT,plane,plane
wcf11388,TRANSPORT,auto,UNK
wcf11388,TRANSPORT,bus,bus
wcf11388,TRANSPORT,bike,UNK
wcf11388,TRANSPORT,motercycle,UNK
wcf11388,TRANSPORT,balloon,UNK
w4c76cf9,SUBJECTS,math,UNK
w4c76cf9,SUBJECTS,science,UNK
w4c76cf9,SUBJECTS,history,history
w4c76cf9,SUBJECTS,english,english
w4c76cf9,SPORTS,baseball,baseball
w4c76cf9,SPORTS,football,football
w4c76cf9,SPORTS,basketball,basketball
w4c76cf9,SPORTS,soccer,soccer
w4c76cf9,SPORTS,hockey,UNK
w4c76cf9,SPORTS,ten,UNK
w4c76cf9,TRANSPORT,car,car
w4c76cf9,TRANSPORT,bus,bus
w4c76cf9,TRANSPORT,train,train
w4c76cf9,TRANSPORT,bike,UNK
w4c76cf9,TRANSPORT,motorcycle,UNK
w4c76cf9,EUROCITIES,paris,paris
w4c76cf9,EUROCITIES,london,london
w4c76cf9,EUROCITIES,amsterdam,amsterdam
w4c76cf9,EUROCITIES,rome,rome
w4c76cf9,ANIMALS,monkey,monkey
w4c76cf9,ANIMALS,elephant,elephant
w4c76cf9,ANIMALS,gorilla,gorilla
wab341e8,TRANSPORT,car,car
wab341e8,TRANSPORT, train ,train
wab341e8,TRANSPORT,bus ,bus
wab341e8,TRANSPORT,ferry ,UNK
wab341e8,TRANSPORT,skateboard ,skateboard
wab341e8,TRANSPORT,scoote,scooter
wab341e8,SUBJECTS,English,english
wab341e8,SUBJECTS,French',french
wab341e8,SUBJECTS,science,UNK
wab341e8,SUBJECTS,history,history
wab341e8,SUBJECTS,math,UNK
wab341e8,SUBJECTS,bio,UNK
wab341e8,SPORTS,hockey,UNK
wab341e8,SPORTS,tennis,tennis
wab341e8,SPORTS,soccer,soccer
wab341e8,SPORTS,football,football
wab341e8,SPORTS,volleyball ,volleyball
wab341e8,SPORTS,basketball,basketball
wab341e8,EUROCITIES,London,london
wab341e8,EUROCITIES,france,UNK
wab341e8,EUROCITIES,italy,UNK
wab341e8,EUROCITIES,germany,UNK
wab341e8,ANIMALS,giraffe,giraffe
wab341e8,ANIMALS, monkey,monkey
wab341e8,ANIMALS,lizard,UNK
wab341e8,ANIMALS,snake,UNK
wab341e8,ANIMALS,hippo,UNK
wab341e8,ANIMALS,e,UNK
w744046e,SPORTS,hockey,UNK
w744046e,SPORTS,tennis,tennis
w744046e,SPORTS,basketball,basketball
w744046e,SPORTS,baseball,baseball
w744046e,SPORTS,lacrosse,UNK
w744046e,SPORTS,socc,UNK
w744046e,TRANSPORT,car,car
w744046e,TRANSPORT,bus,bus
w744046e,TRANSPORT,train,train
w744046e,TRANSPORT,sled,UNK
w744046e,TRANSPORT,plane,plane
w744046e,TRANSPORT,carriage,UNK
w744046e,SUBJECTS,history,history
w744046e,SUBJECTS,english,english
w744046e,SUBJECTS,politics,UNK
w744046e,SUBJECTS,math,UNK
w744046e,EUROCITIES,paris,paris
w744046e,EUROCITIES,london,london
w744046e,EUROCITIES,berlin,UNK
w744046e,EUROCITIES,vienna,vienna
w744046e,EUROCITIES,venice,venice
w744046e,EUROCITIES,rome,rome
w744046e,ANIMALS,lion,lion
w744046e,ANIMALS,tiger,tiger
w744046e,ANIMALS,bear,UNK
w744046e,ANIMALS,emu,UNK
w744046e,ANIMALS,flamingo,UNK
w4fac0c2,SUBJECTS,math,UNK
w4fac0c2,SUBJECTS,reading,UNK
w4fac0c2,SUBJECTS,science,UNK
w4fac0c2,SUBJECTS,history,history
w4fac0c2,SUBJECTS,s,UNK
w4fac0c2,TRANSPORT,bus,bus
w4fac0c2,TRANSPORT,airplane,UNK
w4fac0c2,TRANSPORT,car,car
w4fac0c2,TRANSPORT,truck,UNK
w4fac0c2,TRANSPORT,bicycle,bicycle
w4fac0c2,TRANSPORT,boat,boat
w4fac0c2,TRANSPORT,scooter,scooter
w4fac0c2,TRANSPORT,horse,UNK
w4fac0c2,TRANSPORT,carr,UNK
w4fac0c2,ANIMALS,zebra,zebra
w4fac0c2,ANIMALS,elephant,elephant
w4fac0c2,ANIMALS,giraffe,giraffe
w4fac0c2,ANIMALS,monkey,monkey
w4fac0c2,ANIMALS,gorilla,gorilla
w4fac0c2,ANIMALS,koala bear,UNK
w4fac0c2,SPORTS,baseball,baseball
w4fac0c2,SPORTS,hockey,UNK
w4fac0c2,SPORTS,football,football
w4fac0c2,SPORTS,tennis,tennis
w4fac0c2,SPORTS,golf,golf
w4fac0c2,EUROCITIES,amsterdam,amsterdam
w4fac0c2,EUROCITIES,paris,paris
w4fac0c2,EUROCITIES,athens,athens
wc484592,ANIMALS,bear,UNK
wc484592,ANIMALS,lion,lion
wc484592,ANIMALS,tiger,tiger
wc484592,ANIMALS,giraffe,giraffe
wc484592,ANIMALS,monkey,monkey
wc484592,ANIMALS,otter,UNK
wc484592,ANIMALS,penguin,UNK
wc484592,ANIMALS,seal,UNK
wc484592,ANIMALS,hippo,UNK
wc484592,ANIMALS,camel,UNK
wc484592,EUROCITIES,berlin,UNK
wc484592,EUROCITIES,paris,paris
wc484592,EUROCITIES,london,london
wc484592,EUROCITIES,belgium,UNK
wc484592,EUROCITIES,g,UNK
wc484592,SPORTS,soccer,soccer
wc484592,SPORTS,football,football
wc484592,SPORTS,baseball,baseball
wc484592,SPORTS,lacrosse,UNK
wc484592,SPORTS,tennis,tennis
wc484592,SPORTS,swimming,UNK
wc484592,SPORTS,diving,UNK
wc484592,TRANSPORT,train,train
wc484592,TRANSPORT,bus,bus
wc484592,TRANSPORT,boat,boat
wc484592,TRANSPORT,ship,UNK
wc484592,TRANSPORT,car,car
wc484592,TRANSPORT,bicycle,bicycle
wc484592,TRANSPORT,scooter,scooter
wc484592,TRANSPORT,skateboard,skateboard
wc484592,TRANSPORT,walking,UNK
wc484592,TRANSPORT,pla,UNK
wc484592,SUBJECTS,math,UNK
wc484592,SUBJECTS,reading,UNK
wc484592,SUBJECTS,writing,UNK
wc484592,SUBJECTS,science,UNK
wc484592,SUBJECTS,technology,UNK
wc484592,SUBJECTS,art,UNK
wc484592,SUBJECTS,e,UNK
w7ae54ef,EUROCITIES,London,london
w7ae54ef,EUROCITIES,Wales,UNK
w7ae54ef,EUROCITIES,Paris,paris
w7ae54ef,EUROCITIES,Rome,rome
w7ae54ef,EUROCITIES,Berlin,UNK
w7ae54ef,SUBJECTS,Math,UNK
w7ae54ef,SUBJECTS,English,english
w7ae54ef,SUBJECTS,writing,UNK
w7ae54ef,SUBJECTS,history,history
w7ae54ef,SUBJECTS,science,UNK
w7ae54ef,ANIMALS,zebra,zebra
w7ae54ef,ANIMALS,elephant,elephant
w7ae54ef,ANIMALS,otter,UNK
w7ae54ef,ANIMALS,ox,UNK
w7ae54ef,ANIMALS,penguin,UNK
w7ae54ef,TRANSPORT,bus,bus
w7ae54ef,TRANSPORT,bike,UNK
w7ae54ef,TRANSPORT,car,car
w7ae54ef,TRANSPORT,motorcycle,UNK
w7ae54ef,TRANSPORT,train,train
w7ae54ef,TRANSPORT,plane,plane
w7ae54ef,TRANSPORT,boat,boat
w7ae54ef,SPORTS,football,football
w7ae54ef,SPORTS,baseball,baseball
w7ae54ef,SPORTS,basketball,basketball
w7ae54ef,SPORTS,soccer,soccer
w7ae54ef,SPORTS,hockey,UNK
w7ae54ef,SPORTS,tennis,tennis
